Name	Mean	LogFC	pValue	p.Adj	diffexpressed
R2	42562.836367372896	-0.5875723986757448	2.5309252899645595e-6	2.5309252899645596e-5	DOWN
